{"version":30,"hash":{"type":"Buffer","data":"HWMCbwptPmbYdLiETLCGfOg6X11dxQiT3OCoBO5d8l9p6E6J7OcDZ4VWIOdZvukWYMtwYfXHIcQ54mgjZOUti0lscNmGPIvknBkKzCfy0bO9aEXoh4Zoc9tyHWS2FtIuWUR+yYFCO4wdExriboRF7daBwq15zdY9+K49BeVzHT0="},"indexValueMap":{"CZ1hGdEED8IiICvzo8x8oeoGWEwwerq2jxCD3PPxF4g=":{"valueMac":{"type":"Buffer","data":"leQvA2UF9w7XZJX9mdVdL2CzoMTqoRufWGHR32mYXOI="}},"Dvb0DZxaqtI4tfPOE42LWZ45qykiiTF7oCFChUvGz6U=":{"valueMac":{"type":"Buffer","data":"wq1FX3jTeso2aOHj5wLbXdtK8r/3dVUAsPvtF/OtgmQ="}},"EGVqPu73AyD2qRcMAkYelwuoY6u4l7M6bv84GvhijoQ=":{"valueMac":{"type":"Buffer","data":"1Qutuk9X5JNzfe+M16z9zGjycOxAeH32x/MMg/8nJFg="}},"EO52AElK9TqfFM4SoCiwdciQyWPzHjqSWW7kTA2/fxI=":{"valueMac":{"type":"Buffer","data":"60raof5DWu9VIQjnwuRSVhGhAOBa9PFPgFi7h5aIP4I="}},"E5iFLDa+apXGTRWAGfGv6S29Xzm1h/eXUV9XqtWxiYQ=":{"valueMac":{"type":"Buffer","data":"oW7lfEQn932KJ/fHSQAmEwgBD0eOxCCfNHIIyRhi3VU="}},"FIAYwkQ0x2cxt01uwrLx3F5GfIaOMkhal1Mi0i5J9Rg=":{"valueMac":{"type":"Buffer","data":"3GEp1TkeEjOtOV0N+0scz28SH3PR/KiIw0r4m5yPE2E="}},"FUnPrIMa/6YelNreHKOuxOXztRJ+EYQoEOukE3gCt/Y=":{"valueMac":{"type":"Buffer","data":"EaV7eAQNM8nj4bMWos0M+NxoDZy8MGP+J84WRul5XM0="}},"Fh8pBshAKzEJyAMr+nXcp9W5wcdC0XozX77XPu+KbsM=":{"valueMac":{"type":"Buffer","data":"4wjYEqXvG1bPL+v1mkgGEG/YcHCrXA1hdqhGwRhaNd4="}},"HnnjUpyX+bMrjY9j2pzagQWz+vjgV5X0pLo3gYbMNeo=":{"valueMac":{"type":"Buffer","data":"jntQ96LDfWfDgEU1M22Ce+p5t2fpYXUWgCudJPKWF+U="}},"HsX0KNIEeSTtfCHGNsK5rBH3M748NKSo9jh3NZX30lQ=":{"valueMac":{"type":"Buffer","data":"wYX8U3knnaASx4aogwd7UweD8KnsgrhJqVYunoPs6Z0="}},"HuC8hiVGrvWhMf56X2MT8KTO1O8OaUFISoLSZOUXChA=":{"valueMac":{"type":"Buffer","data":"Fsww04Ne12P9D8toejvEfMMCSQIo4qHPM5/4KPDMx+w="}},"KThz8ZtGf6PX75FiOVzSPVu8vQRL3leYLQIo9yLQw3s=":{"valueMac":{"type":"Buffer","data":"o/Y9gPj3KrBTXKhAfPhC5x+cr3KaLs0pNfQppnNVtI0="}},"LFcTd6jgDoi3G9a1CU2YESO6LSMkfoTQpmCn0RfOROI=":{"valueMac":{"type":"Buffer","data":"Cik3dTnVl+S/lH+Gi2IT3+7kLp+9khPSfGySKvzJnWY="}},"LYJ+w4E0GvHxxOzspe6vkouGVSb5WgfxtsAgm235aMQ=":{"valueMac":{"type":"Buffer","data":"HJHIse/r/BYyipvJbvVtoToq1LTmInYTV1ekTzdbL04="}},"Nd1hNuq+dMOwunaT71m1kZ6DWaBoCwybuUD9wBMGKEE=":{"valueMac":{"type":"Buffer","data":"6Ub4frNKMnFhqPJddygRdw8YeAKRy+CWoKjI47eiAnA="}},"OLgffR1l6qOC/jeCJCelDQyrvMJWytsL/Fv6+H4do9o=":{"valueMac":{"type":"Buffer","data":"W4EIGrQNKlVL9mXqwqBfOrdrVWr4gt7C/UuNJDn/QdI="}},"PGmtRkVZEpb6fFDNlOD6Pq3JjgDGebI/YziGvzuLS+E=":{"valueMac":{"type":"Buffer","data":"sOAloLfqERanSIDzh87W84LwcXgi0qVSWSfYmljqIGU="}},"QBP++GHji10+P9C8OuGGPdzkS8/T3bwt2CmnaMKBA8o=":{"valueMac":{"type":"Buffer","data":"oQqwn+ETDSoetshmKBO2ZZZJeuuq7ZPnZCYP1iKNEDw="}},"UAIoxG6h0eOAmdfD5EqR1OdreFa0muw2Q4smxKf/K2A=":{"valueMac":{"type":"Buffer","data":"yFbDcP6yAgGswMIkCikpSX757QPFBQM7xQpvysYMOFI="}},"VPtCZzLQ3f46KbLqRVxHTN/GlbQd3zBZXc9omQgbfvA=":{"valueMac":{"type":"Buffer","data":"6qKKf50Rxc+z+QH8KLnbCdktzGd31t1/sXWggBM6avA="}},"V48cOmluTKajFGhfW0m7MYnCAkaGimYfYbRteELoToE=":{"valueMac":{"type":"Buffer","data":"+NHiYS0BoU+FE/YLRfHT9hAIjprgb179ja6DaK2usC4="}},"WLrQuaCc7/KDS6KDRQoRcwW7+Cg+7fmryJRU/vSDKyU=":{"valueMac":{"type":"Buffer","data":"wsxXI95fxUkCsbcAED54uIsWKhSOFFNoQmXidZgGVKc="}},"W/KQGUi7DCXZpjJ6qw2hFUz22pdK2LVPhSHc9jpuFm0=":{"valueMac":{"type":"Buffer","data":"oTFUIHBvkG9GkKTLmC27B/Zau9muiTmtOc0LNU0C3go="}},"X6HuSBTQ4nqA4AhnVsVzYDAP9Hpo6CivE47vEmJwnaE=":{"valueMac":{"type":"Buffer","data":"29kQANK6UtNHuOLnpjR0QdA1e7hUKBJgKqFGjbuenD8="}},"YKQTRSOQXFt6JZ8LwF5Dr4LrveQQwvPnEwhFiWk2Yz8=":{"valueMac":{"type":"Buffer","data":"ZGYeieJiPCaYvLYyYDg64+V701wITiY/YsdC5l88MoI="}},"Yr0hJLxqVkAX1Ej9YcSXU1Fa8Qwa+QkYyn39MN1us7I=":{"valueMac":{"type":"Buffer","data":"moO3PG/C5PcpuH+9II57vkhCJy/m90urkkNzloRU6QA="}},"Yr1pHetUK1OTjQ1TpDlplZ3ZFTB8wHBC/UhLN3Pni7A=":{"valueMac":{"type":"Buffer","data":"K87z+99+Ib8X5epUw2WHMhH4Av14NZpC830HUSkQ3Wo="}},"aASIdJ8/gvI6vVZOL0UATbmcJc4LN7o0AmC6fhNG3HM=":{"valueMac":{"type":"Buffer","data":"pB493Ka1c8eKTtf1WtweLomnfLoiGx1lpxdHLsipJVI="}},"aED/0/HhM1BHBtTgtEopD51bzTOhqz9fIfuu/G0VCrg=":{"valueMac":{"type":"Buffer","data":"FSrMByokfOmkI7i1yDt7Clw6vDCBHsAjU2DYHMzxpLk="}},"akXZ/2nIe54VZ4M6sWgrENXo7hPcV6t5jArpNg1ZOSY=":{"valueMac":{"type":"Buffer","data":"aN/iIsKVgHOcgFpr/iUPrMJV3ENbWWM7u8py5hyd+nQ="}},"alUM9g9pVrIrCUyTVdwka+ul+VqvUMGVzyzUixTHbBk=":{"valueMac":{"type":"Buffer","data":"hy2ft2PBy5Pn6Tj4GoeAyhmT2zPPiPDCiE/qQiS80hA="}},"bVbWfMYud8lyqwXsWEv/RjhPPnaunlR6c3cJXBOuqiM=":{"valueMac":{"type":"Buffer","data":"kuIOBviti/yGGFBxdU0/foe1P7AFa40zBwPVn8Jq4vU="}},"eUbSZGV1AQq0ceaWZW2uIC3ihxjmrND1w1hEMIbAfV4=":{"valueMac":{"type":"Buffer","data":"0J9KbkSXnVSERU+1WcYx9EGBATB9Lk9ptDz9R0lztEE="}},"e9OMpt3da31Vt9aRU0B6KKEXIC+WWAri0n3PysFcazM=":{"valueMac":{"type":"Buffer","data":"nPpxHcXk4tEPcyx1MCFABmXLhWHELVxye+gnaILi1g8="}},"hvwNXPkJftkY3gvmWHjxTO7LkMlVzd5SdLMsxqei0O0=":{"valueMac":{"type":"Buffer","data":"OSGs/BrKIcO/wnBUSOHW32F7AcyQa48FzVBvCMRnyus="}},"ihV+V119iM2y7AJgqzBza+r824cjGVlBEUli5gBF0LU=":{"valueMac":{"type":"Buffer","data":"HkgSVRH0yGZIzkBcJCMtKpisBMB5XtlZLWWGtFVSLnM="}},"i1Ij3bNIwGrgSirBCoKprZJp+wyhMeL3zSNy8B4IpNY=":{"valueMac":{"type":"Buffer","data":"8lRF6aDR7uOkdLVkQgpy7qjzXBCLJ44oy3dUgQlVTms="}},"jJ4LmsVZotQ/7vlkhVKsRmLYu08In1/C8lIQoe/pyRs=":{"valueMac":{"type":"Buffer","data":"80vJViUJULTEjS01Tl3eK2UYCMccZvNP/ebe7x4TrRs="}},"kZivLD94bCKYpqkh0tOGoLUwEv+nzU9KCmGReTWh0xQ=":{"valueMac":{"type":"Buffer","data":"N54msOv2Pztx9ERB+M0ruVzkr8xNnslEjgH8yUacyIU="}},"kgLVVXXQXEvFh7ncVV5uCqCzS1oq4NrjWXhgD54jc3Y=":{"valueMac":{"type":"Buffer","data":"Tpg/hkMeHx8SZCRfbu1VBj0v9z3hFlDoBS/tNngUOIg="}},"mtibRaZYWgabsZwDYLCN4ySpFXZmKzvI4y8DJQZRJ20=":{"valueMac":{"type":"Buffer","data":"H5W5sTgRz1GbxgGXTIXzJITfay7JJYYB443uTs1azAI="}},"onpV9R4v83I7HRQo8hhmem6P1apFK4gdvGngsV+u1Mc=":{"valueMac":{"type":"Buffer","data":"diMECQJhp9pWxiQcoAoawqMhEV/m4AMzhyF4myEVyUE="}},"pSuu2DmLf/2Zyu4WxfTmGbPH9pPYFakjMrKssh2nEW8=":{"valueMac":{"type":"Buffer","data":"2Li+il5gG8GZdNCA0lQyqEF3td3L86rpd1xbhwoeN1E="}},"rRGRF9nddZKMv8Zv2lxE9Uf3vSjjqiNUEMTwqa18uVY=":{"valueMac":{"type":"Buffer","data":"WrKLHnPzkRLnV3uMzubSdnhVORrNvy9Ps5J3q3Zy3zM="}},"scERFNJ7wcDGw4tVC+kxB241BwbUVf07eu/bYn9rUGk=":{"valueMac":{"type":"Buffer","data":"1VhslT9poxZq9fJ7G6e9qy2JThBTqLgE5gxgir9C31k="}},"sdXAlArnlJQSP14HsERwKfVAfHOfUAE7CYOjTRGLbKw=":{"valueMac":{"type":"Buffer","data":"Wtx7rdTCYY5kFUBZbCMAFclAkIQFLgrxCH3ycET+kzs="}},"sm0ShRVTV8zAykvEfnS9Z4UxKOqT9iy6riX2RN7PxiM=":{"valueMac":{"type":"Buffer","data":"D83p7BPYhyAs/lWRtNdqk5g+yGeFgs7LLcO/pJqCvuQ="}},"spw56HW9z6s6N06zGLVg2+k+0PrkSzRVM5aYLFIYkd0=":{"valueMac":{"type":"Buffer","data":"kTr9dpZB7FtXms/nrHvflTgWGneX8DVdyFvzb22/7z8="}},"tDm9M5n0pzsAU0nKTAOmV2sFlNuy1wj62HDpbNLAj1M=":{"valueMac":{"type":"Buffer","data":"lubj1kbvUKjA04CjmVrYuQi7wZMXk/B0fQ9I+0w7QN4="}},"tdGw+NUw06tmhK3EqUywjwGzr00Tgub7KUsFxbaNGtc=":{"valueMac":{"type":"Buffer","data":"EXTR1uUIquQuvg9ubl55BAHwwPAex63tdnCoMWQBAYY="}},"vH/YnnrHqCqYkaKWJqQAduGTOO8zMeu7Be5tAq4QNo4=":{"valueMac":{"type":"Buffer","data":"pDs419OwcjPtNAdh8KVp1+JVOYcxcnCxNbARDs6f8B4="}},"v7LFBt5ei2L01JtwCuFOU/w6sK4u9aEBr54ILIm39uQ=":{"valueMac":{"type":"Buffer","data":"qpE3YymX/W0LqFz9zSl+nx+ItkKIYrLI/3NqJVKKxRs="}},"wloHqPEGznzhn5DLdUkU/EbBeLISFbIvgWe5X+2nLLw=":{"valueMac":{"type":"Buffer","data":"2dSjGCEb58XYb/JcRr0n4OpXgyLKq0NFksdoOS/JdcU="}},"yzO3JDnHUkjyg+nMENJeg7bBaBZtdPTGgUVCLs635VM=":{"valueMac":{"type":"Buffer","data":"kHWASJ+PQgiz2wpg7GPJFp+ivUG2sjBheP4rGaZ2eSs="}},"y1rbHpaDM6l6HVICszu5DlqDlyZOOXkm3VWaPUGQsjQ=":{"valueMac":{"type":"Buffer","data":"VUV1S5ounCbmh6P03BwBcJQKspO0w9nsRYXCTQdhky8="}},"zPX5DwC98/IFLCyM748eVhhL8N5a1Jo45EX4CLZjiQs=":{"valueMac":{"type":"Buffer","data":"p28v9O3eYAcVub5KgpC8P3Bh4i3gcsWwVEQ6j9VKQu8="}},"zUC0E3tuU/tzAbr5Efp4P5Zs4zw8ABNpGnfl7C4mNzs=":{"valueMac":{"type":"Buffer","data":"uUvGrAtuILM6QrB4hAY+XBrOxnBBb9Gf2jXgOSboMYE="}},"z1LsTOEGtk0n9cqXpE2Hzh4/RRAgHep7kl0Pi0lkNKk=":{"valueMac":{"type":"Buffer","data":"7wqfT5f2Hj5+zTt7D/Z3Ij4VygC46NPHeEGWG9lXQ3g="}},"0MNwYdtkyyXYQkK5sUMc0bgWU7IsBS67BfL1hx8GsbA=":{"valueMac":{"type":"Buffer","data":"dOjs8ngIlnkUMx//4nXVUCDMYOFPxbbi/vHtTlsC/SM="}},"0v7IqlUWnsHAPb1TGsQWZqMY7rZLEa66qKTCoYNrwMs=":{"valueMac":{"type":"Buffer","data":"7L/zMyHxbIt94h6rf84OdDyB4Ilf5ISBoLu30MOU/AU="}},"1tiy6cygTffP4niV1bE9puQ1BhbTszK+QeYDYQ5lnIU=":{"valueMac":{"type":"Buffer","data":"nBrozMpPoAyOy/x6pYMWcjJTOGqyJJBVEmRYbfxHRfw="}},"19bD3EurjV3lIIP4ik/2G+6AHqBzE0xxM9hZ1OhhOsw=":{"valueMac":{"type":"Buffer","data":"RiSUvPRqE1qL2vAs/bArRvxRglXzHkDvYc9k3Tb2mPE="}},"2Bd29fsmjzetKdSOHfK7Sywd9hrWkQ8r5C2lWEoewpU=":{"valueMac":{"type":"Buffer","data":"khTBONMBu7bY1q9PvG+j2OT26/1izJ4GKdXgifNgVho="}},"2DfIeXQYe9Aexp+5bWsKbMpcPXRVtz/iAXTrcroN+2w=":{"valueMac":{"type":"Buffer","data":"ts64zs2gTX2HOaKG3FGSZc9pP7IvE8DtDw1BZF9pyE4="}},"4YW1fitqzKzSyNEzMnidTLNfuA2Vg90Ns8i9gMRn7DM=":{"valueMac":{"type":"Buffer","data":"8PRzv6hF6DX+XxumZn9cE+EuUXjwiKMxuhx4gZMdaDM="}},"5BsrdaGhvILkN/Y9j+2nuJ4kIMXamvd3WpRnxn8C4wc=":{"valueMac":{"type":"Buffer","data":"0oWbkbn1xK4inypIidn3AKKwwCtyIP2DuXt/OG2Relg="}},"5WzLT3TNdOyQW3pbDUBfK1g1y9QV5J0FS/me/1sHfdE=":{"valueMac":{"type":"Buffer","data":"MtXd/UI80sk28nnZJmhtOsyVhiGKaiCm6lNOFyxB2mk="}},"5uux2GqOwClEvzEXaYKcK0A2VIa4yiG6zX8nlBBriwo=":{"valueMac":{"type":"Buffer","data":"QzOhauapISkv82vj4mH6iAwb577hcoxPlRapNuS7ITU="}},"6ELlI3vkTSxarSpJVQNhJEoGdwQ6IS49a1ewu9awcAg=":{"valueMac":{"type":"Buffer","data":"j+1VsHU99NoBVUYE2DuNDATq3LRTphnvZhNxftkNKBU="}},"7bHcR4TQiFZ3QayUt6oAdtVhHvw+PRcciBIiszzq14o=":{"valueMac":{"type":"Buffer","data":"VTJuEY8yCfUGlrob8Kpt2ILJJHkeBtVW0ke0PfvqeDU="}},"8mnRc32iZ/18Cw9Y1/rkrTRqr9LeoXbMNSJo8Q83DCs=":{"valueMac":{"type":"Buffer","data":"m0Dszq2y7zfOqf5oEgYqXF9A+7s4OpVI5Ram/+oeXpk="}},"8oZhut1pkDKU5CiAVpyFD6mmdyW9gnAD7fkNKtJCRfM=":{"valueMac":{"type":"Buffer","data":"I6qcRPFx/FLHkU6xlHmTOeNm+Cd13A3I5F3z7y10zqA="}},"+b3xnYP8FBBlGZy6Ce+pyzaKxD6xBpOEIGh6NEOHfIc=":{"valueMac":{"type":"Buffer","data":"lBQR1iPyQ5wYK1EZr9vz90s/CVGnjDFe1Bje5xl5qqI="}},"+i9gtjYWQe0YjPcTjC83ZUKNBM182vqsK6h965vmiSU=":{"valueMac":{"type":"Buffer","data":"drxOAt2tVfnw+N4/hagic02VX//qH17vGJYptNSe/ck="}}}}