{"version":5,"hash":{"type":"Buffer","data":"muD0sSq4uGqgFFWQdX4aNBsdaH3ZPj2iwCpuTVs+KOUF4zDdfJ529UNAJr0aa0Nx+w8lwmKavDS+GZFSCACwT3ch8R8kBtK8VRaIPUfIWJ9AoMudYcSJ1nmxUugtme2DMdmL1VoUYlt3BQRJWxlAF9rRjpWlQCdFUXpqFu8VRYQ="},"indexValueMap":{"CnGdaQwGov8ARF0StE/6WUXshEsGonms9zu6PP3g/xE=":{"valueMac":{"type":"Buffer","data":"vXGAamrdhgEUK3uU4revTgXDDWfTZARi9Sz9lbz8xPg="}},"DX5mvrpwtxoFgdSJWRd7l+h0pTQOWI8GgVOpapqQOEQ=":{"valueMac":{"type":"Buffer","data":"1Q2s0CjgTjO3YGnGR8zqOgeUZrhd7iaBineJzNMxTNg="}},"Ml4WK00T28NwldBf/tVKA4XbDk1ZLgiziBQDvdpR17A=":{"valueMac":{"type":"Buffer","data":"kYUKBGcbUkQG46zHsIqFHmoQ+JFpiNMGvuXqOSekHns="}},"RIwPS8EqC9SIxQLWspAigyItDDKf9gPzAveiVGGOdSc=":{"valueMac":{"type":"Buffer","data":"qOvx92b9DLuHMyTeKwqAklWh7mi40/HsnIkGsdWeQpc="}},"UvSkZ3d1+sHLqH8vE9Yv6/Tewu7gCaZGQDDZVcmh/fU=":{"valueMac":{"type":"Buffer","data":"2UdPmxDO8DYtRmiaVsP24DW+MmIIsRFNjcF1WhrZ0Bs="}},"V4U/VR5CJaD3POfFZ7rDxVjnNGY3l+vteD8u2uZzuOE=":{"valueMac":{"type":"Buffer","data":"rEEcdhorH37us84jfhtHor4IWUv/iNjLnBi3M/9d+AI="}},"bfbVVI3zFyn8ciblGlNyEC7xFq6cEBK1IiMkoiS7abU=":{"valueMac":{"type":"Buffer","data":"bLBZn7MQf9V/koo8jN92Q5VlLqEreUT6+tzLFiiB8vg="}},"imOnqp5bbzct8mn3F4DYjRGY1lGz28qlzESt4VPt+pk=":{"valueMac":{"type":"Buffer","data":"hdU57vqSsN+fxbHRAGh7Ybh8gy6+A9Hnsk7GYV5QSfQ="}},"jcefOjtRzuqCXA9l2mfQv4OkS8a1Fx5P4+QUDcfexzA=":{"valueMac":{"type":"Buffer","data":"PPTU2jJbomOBC1ppymeuXIBID+/JtQ4E5Mf4goFYrKw="}},"xK1O0Q9a2vIpQOo5Xwsyeh9sqwSjmcnIOFrk2uJV6BM=":{"valueMac":{"type":"Buffer","data":"p444QXYzvrop+jsd06/d8kSxD/jFGbG8nxUD51IAECs="}},"60nJU/Hi8dmOacBub2itb0yGy4NFYAyyXdbEwADk9dQ=":{"valueMac":{"type":"Buffer","data":"3HMLvhFkToa55sJZDC89FR7C4Eg2qsHX9Ud/0huKq1s="}},"8W1r+6VHwp/dLLmkwja4pxzo2VMl8vwLzrrcu6eFGG0=":{"valueMac":{"type":"Buffer","data":"Tm1LXPCgJ70irW96U2fF+3qqzPmryONVo9Jo5qoboFI="}},"+3FFv4OMqwAXCl2WDJj+vYPedAemWJqPfuuiLkA3Ruw=":{"valueMac":{"type":"Buffer","data":"ymAcJfWNkHHp9ZPxWLA60Z5TkcwfBV3M5oXWwF/ceqE="}}}}