{"version":5,"hash":{"type":"Buffer","data":"XPz16QZexVwu7Cez+OwWT05zDU4wmDBCiK31xL4tNBFdNrppsS4fPZ3ozzeCvwiHLsnm4EA9l/4tXcL7zXeVZ54AXu2Y7+nRNmpHqdPca7c+2YGCLLScw4WdjjS9zMzkgDZRFqQQCZscpA0EfuNaaYYdbmqPSjRJO8bLgO9m1HQ="},"indexValueMap":{"Ej+Fbx+E2/sLAFuhhTezGqwFDiHJsgNg0d6PuAZKLZ8=":{"valueMac":{"type":"Buffer","data":"p+wyZpa814t3i95ZmXe5hd4qiaRalMc8oc5izzYVCrA="}},"K1nDbR9p4d2Mr5EILM8pnkDe03ZKPOPyLMBt1yJlg+U=":{"valueMac":{"type":"Buffer","data":"ogDsoRt2XFRxjUGQYQzW8pHm0/Ww0zZlb/M/ZJNi0Jc="}},"c7hooguj02Ru4lnoXA3YLzpG1eafHT4m/zRLuUWaq10=":{"valueMac":{"type":"Buffer","data":"FAJc3nqogsJ2D6Kch/WP6Mlqdj7S+Yam/95X1iwGkRk="}},"dxoRWxHQroO+uSPS75tkG14H7scK8FmVyqDuAyendOc=":{"valueMac":{"type":"Buffer","data":"2bR3WwI3OTawqRLdFXGT9y9mqofmNk9h0CA3J/lhkcw="}},"ur69PwBvL00fNZhuja9X4MsBXm+rFuOF9OQptCITjY0=":{"valueMac":{"type":"Buffer","data":"MwQLMkrBvUoN2PtrDRXAEXVUUInZ//mi2hahUL3ACb4="}},"1m0reNeq3KvqTOXwOd9MZTz9x1+2eytzBDV/3s6Q0eg=":{"valueMac":{"type":"Buffer","data":"661XcDpqUE99meB+7KvZTTVJ6EMw7U/D1mLSbYzRTz0="}}}}