{"version":17,"hash":{"type":"Buffer","data":"oRVkmZr8KJMeKBn1sOkzfILQBznSER+nE38FhbDA5h5VyH/Qdi+4GM3d3x8FpIckWk9oNVYnl2PH+Ke4RXzcgB53UrFZfnbufcBxf0UFn11FuDn1MkvgcHL0HpU4Jpvrx4NyHejz0b9qKDKsdo8EHqOucycMI8SeR873Q0GEKxM="},"indexValueMap":{"CKx39+p9/qlOkj5DfES/Gj8zzl7uFaYsH1XCj49Bink=":{"valueMac":{"type":"Buffer","data":"y596DJpb+YLmwc8W0ygnyld7YOEVU50uAl2zCLnjttk="}},"NG2ym5dRah13d7+G6eidoxxOVkYMd5DR+6K28b/d/tI=":{"valueMac":{"type":"Buffer","data":"rYd8ihWDYRzAtN8QvemOyZSA58vhuOBrpQK+qWGQUV4="}},"dOb+3be84+BvGzRJje+zYCybt7P9Ji0+Yl+GrFWO+BM=":{"valueMac":{"type":"Buffer","data":"zo8X+FbYH6sF9UypJxszF1iQX4Y3Dj9fORIPxD2dxzs="}},"do1c3GSH7u0xR9ifZb6aGYJUiwzBsVuUua8bC2SC8Qo=":{"valueMac":{"type":"Buffer","data":"GbtMrLY1p8YLh+0C6bpKukC3yJ1LWB7dYgciLE0/iHY="}},"hLcmNvEeH6YD6H1xsp3zGOzIjNRyG+hzwNjq/fY2+MI=":{"valueMac":{"type":"Buffer","data":"AuThn1ngSHiFpGaTWp2YiUomqkbkXiM724Jt7efHvGE="}},"iKOhWzlGDWhmCaq7ehapPABCMdE3pl8TKJUZ88tUszU=":{"valueMac":{"type":"Buffer","data":"Zc933GIFb4I66wxN3U9nGzABnTe1L7qFFT8BoVowx3Q="}},"ojB1yXBSwv+rlG4MUYcHva9QvHQripuWp2IexJitGX8=":{"valueMac":{"type":"Buffer","data":"a19Nq8XU3noMuZQvST+7zTlx8DubKU3zeDQ+76wuWII="}},"wSUL5yZy2fKn4eulRHcYdt5Xq7iwpH0ZTknejW/gaok=":{"valueMac":{"type":"Buffer","data":"OTBXPqcfi/K+N19y1CO9AvZmBQ4OizMd4perKFT8EuY="}},"wwTlxFqSG8fqkdb3wFp/wKWqPFYvD9J0AqvLjAqo7bY=":{"valueMac":{"type":"Buffer","data":"MCJyO/lZlh6SrXZq5CaIzujeMo6CQC5Mf6Cv9fr1d/Y="}},"w4AnlZROjWVaCsb/2bnO6KdxczWkCzISBD6BizqPftQ=":{"valueMac":{"type":"Buffer","data":"HJkeCDTymq2FYxS0GSBvgOCrzEe///2aznX61i2mxFE="}},"+lTR8CzLT8ZucAoOtkMGuYcFfBLqe7mYXPDuwEOKyw0=":{"valueMac":{"type":"Buffer","data":"kNKxd3lTr5z5O7YR+UmLqOWGdhaxhzZH10kGsrjfUyw="}},"fSgU+cdsfCZfv4iFzOAD8yuUI1pZMTUVPAvNj6Br3Bo=":{"valueMac":{"type":"Buffer","data":"HCKU02XMg2VLQYlGsFOdF+SFGxhKWJVbrmAP7E5KKP8="}},"2nymSZpVagb0IMGTenQSAwUSthCcWM5BisklKi6qQys=":{"valueMac":{"type":"Buffer","data":"NTyu24Yr64qKH04fwezzSwy/+lDfjPXfjeHwSesDVcE="}}}}