{"noiseKey":{"private":{"type":"Buffer","data":"uG8YEzHuEaD77bQUdc3bddc8AQKiTy0nkLhElYxSv0o="},"public":{"type":"Buffer","data":"Elm1oDiqGAPXKUL9T+sN4CF7QiNFi86zr54eyT6tBx4="}},"pairingEphemeralKeyPair":{"private":{"type":"Buffer","data":"cCK4Ere9QnGoxrEJh/4EhLTXzeO/o3KbbpssMqBInmU="},"public":{"type":"Buffer","data":"kAIsHbnnulysHizNZrrIG1rL8z7n1EpjEF5+LT7sOAg="}},"signedIdentityKey":{"private":{"type":"Buffer","data":"kK/6Sc/LclqEm3ZfFa9sc7m7m5o52mRPrT9OWGuo0UQ="},"public":{"type":"Buffer","data":"XFfsgR5J8mzDpcfjmKwVth2UOqLItWciHWqsESYG6mg="}},"signedPreKey":{"keyPair":{"private":{"type":"Buffer","data":"QGZ7fCHoxgVg1GXPrZN59kwNGrVACxYH81qgSVBvKV4="},"public":{"type":"Buffer","data":"ddy1Fpyogqshi0Y89OG1kyLmeKcIy5sL9DoWDg5RaXo="}},"signature":{"type":"Buffer","data":"lDMRjnILeHVTPNRbhjRw6FL2E+K/BgMmkcJUMvlBnc9SDVDH0p8Z1l1tn9mki2nYNQ3mu5quF4bQ51bPLTepig=="},"keyId":1},"registrationId":249,"advSecretKey":"CIGdltpKg1lzljaCoaF4Ar9Mv7IzbVne8cIaKWtkQak=","processedHistoryMessages":[{"key":{"remoteJid":"212624052666@s.whatsapp.net","fromMe":false,"id":"ACF91CB8D9E2504423BD6143605A2A45","participant":"","addressingMode":"pn"},"messageTimestamp":1768572685},{"key":{"remoteJid":"212624052666@s.whatsapp.net","fromMe":false,"id":"ACE2252DF6D96EFAAE952FB7FFF4DF55","participant":"","addressingMode":"pn"},"messageTimestamp":1768572685},{"key":{"remoteJid":"212624052666@s.whatsapp.net","fromMe":false,"id":"AC0BDD2BBC915D63D831B1F3104C8082","participant":"","addressingMode":"pn"},"messageTimestamp":1768572686},{"key":{"remoteJid":"212624052666@s.whatsapp.net","fromMe":false,"id":"ACE91F134A537797C6D6971D991D6F55","participant":"","addressingMode":"pn"},"messageTimestamp":1768572687},{"key":{"remoteJid":"212624052666@s.whatsapp.net","fromMe":false,"id":"AC3BAAE581FD533B29B41630C931A1B5","participant":"","addressingMode":"pn"},"messageTimestamp":1768572725},{"key":{"remoteJid":"212624052666@s.whatsapp.net","fromMe":false,"id":"AC035148C3BB04CACFDEA3D14E7C1CFF","participant":"","addressingMode":"pn"},"messageTimestamp":1768572730},{"key":{"remoteJid":"212624052666@s.whatsapp.net","fromMe":false,"id":"AC862E326B4C944308B99476640ADE77","participant":"","addressingMode":"pn"},"messageTimestamp":1768572730}],"nextPreKeyId":813,"firstUnuploadedPreKeyId":813,"accountSyncCounter":2,"accountSettings":{"unarchiveChats":false},"registered":true,"pairingCode":"15Q8SQCG","me":{"id":"212624052666:29@s.whatsapp.net","lid":"257329224269987:29@lid","name":"😁"},"account":{"details":"CIjhv4EFEIaOqcsGGAYgACgA","accountSignatureKey":"Cl6Uu9q5myiYytw9EJhzXrh0JbR2bB8IBmE+2Vfz4VM=","accountSignature":"9QXTjeETUaDYfZK0o9f/QRCLjVqTJXj5Bk4JxztaWwync6JvNQrp30oCtfokQp1BSTPBSIJTziFMvC8Otw++Dw==","deviceSignature":"nv6S4CSDWN56s1GOelNX9XP9XE/vmDkoHfJ5/H/p/z/7MJXUHfSec1VMdXwwBXpKqpFDTdnn5UDGAARKBPOrjQ=="},"signalIdentities":[{"identifier":{"name":"257329224269987:29@lid","deviceId":0},"identifierKey":{"type":"Buffer","data":"BQpelLvauZsomMrcPRCYc164dCW0dmwfCAZhPtlX8+FT"}}],"platform":"android","routingInfo":{"type":"Buffer","data":"CA0IBQgS"},"lastAccountSyncTimestamp":1768572708,"lastPropHash":"2V77qU","myAppStateKeyId":"AAAAAEYK"}